Type,Filter,TRUTH.TOTAL,TRUTH.TP,TRUTH.FN,QUERY.TOTAL,QUERY.FP,QUERY.UNK,FP.gt,METRIC.Recall,METRIC.Precision,METRIC.Frac_NA,METRIC.F1_Score,TRUTH.TOTAL.TiTv_ratio,QUERY.TOTAL.TiTv_ratio,TRUTH.TOTAL.het_hom_ratio,QUERY.TOTAL.het_hom_ratio
INDEL,ALL,1471,1078,393,2575,442,1055,0,0.732835,0.709211,0.409709,0.720829,,,,
INDEL,PASS,1471,455,1016,629,0,174,0,0.309313,1.0,0.27663,0.472482,,,,
SNP,ALL,12506,11682,824,25756,7102,6972,0,0.934112,0.621912,0.270694,0.746692,2.41227830832,1.82784365393,,
SNP,PASS,12506,9707,2799,12326,2,2617,0,0.776187,0.999794,0.212315,0.873914,2.41227830832,2.30455764075,,
