Type,Filter,TRUTH.TOTAL,TRUTH.TP,TRUTH.FN,QUERY.TOTAL,QUERY.FP,QUERY.UNK,FP.gt,METRIC.Recall,METRIC.Precision,METRIC.Frac_NA,METRIC.F1_Score,TRUTH.TOTAL.TiTv_ratio,QUERY.TOTAL.TiTv_ratio,TRUTH.TOTAL.het_hom_ratio,QUERY.TOTAL.het_hom_ratio
INDEL,ALL,1471,1436,35,10779,3172,6171,0,0.976207,0.311632,0.572502,0.472446,,,,
INDEL,PASS,1471,1367,104,2708,6,1334,0,0.9293,0.995633,0.492614,0.961324,,,,
SNP,ALL,12506,12506,0,55597,27428,15663,0,1.0,0.313167,0.281724,0.476964,2.41227830832,1.78877407705,,
SNP,PASS,12506,12501,5,16972,23,4448,0,0.9996,0.998164,0.262079,0.998881,2.41227830832,2.26321861181,,
