Type,Filter,TRUTH.TOTAL,TRUTH.TP,TRUTH.FN,QUERY.TOTAL,QUERY.FP,QUERY.UNK,FP.gt,METRIC.Recall,METRIC.Precision,METRIC.Frac_NA,METRIC.F1_Score,TRUTH.TOTAL.TiTv_ratio,QUERY.TOTAL.TiTv_ratio,TRUTH.TOTAL.het_hom_ratio,QUERY.TOTAL.het_hom_ratio
INDEL,ALL,1471,1361,110,3752,538,1853,0,0.925221,0.716693,0.49387,0.807715,,,,
INDEL,PASS,1471,927,544,1407,3,477,0,0.630184,0.996774,0.339019,0.772178,,,,
SNP,ALL,12506,12477,29,28989,8235,8277,0,0.997681,0.602404,0.285522,0.751219,2.41227830832,1.83400136866,,
SNP,PASS,12506,12320,186,16085,3,3762,0,0.985127,0.999757,0.233882,0.992388,2.41227830832,2.28533496732,,
