Type,Filter,TRUTH.TOTAL,TRUTH.TP,TRUTH.FN,QUERY.TOTAL,QUERY.FP,QUERY.UNK,FP.gt,METRIC.Recall,METRIC.Precision,METRIC.Frac_NA,METRIC.F1_Score,TRUTH.TOTAL.TiTv_ratio,QUERY.TOTAL.TiTv_ratio,TRUTH.TOTAL.het_hom_ratio,QUERY.TOTAL.het_hom_ratio
INDEL,ALL,1471,1436,35,7409,2213,3761,0,0.976207,0.393366,0.507626,0.560769,,,,
INDEL,PASS,1471,1251,220,2192,4,937,0,0.850442,0.996813,0.427464,0.917828,,,,
SNP,ALL,12506,12504,2,51668,25664,13498,0,0.99984,0.32764,0.261245,0.493547,2.41227830832,1.9626146789,,
SNP,PASS,12506,12490,16,16683,6,4185,0,0.998721,0.99952,0.250854,0.99912,2.41227830832,2.2731018246,,
